,ba_m,simple_spread_chance,repetition,pearson,euclidean,mape
0,3,0.01,0,-0.8265190863913414,240.27622418568671,0.3599282961372307
1,3,0.01,1,-0.8721338858090263,236.5348678945758,0.3461642014665915
2,3,0.01,2,-0.6054118030167929,257.73885430726904,0.3921343200415632
3,3,0.01,3,-0.7070608902967574,272.0611313152883,0.41599849588523935
4,3,0.01,4,-0.8614181498953667,239.88278262171127,0.35399575712141496
5,3,0.01,5,-0.7536635834334685,245.09628873442216,0.3658444175074891
6,3,0.01,6,-0.7798918799223907,248.54315367703535,0.3712955404471772
7,3,0.01,7,-0.8064161096159901,258.29365529213743,0.38920024983869467
8,3,0.01,8,-0.8500459153422523,241.56517859138842,0.3591063612973932
9,3,0.01,9,-0.6418414493649123,248.18316676028908,0.3734749028513093
10,3,0.05,0,-0.47119481994178974,343.7703801483676,0.5211138915459884
11,3,0.05,1,-0.5744852218514539,332.4990299963549,0.4972822910743182
12,3,0.05,2,-0.532574105670328,333.4171157830537,0.5037894568120033
13,3,0.05,3,-0.3514861158838966,347.01622016155875,0.5297887248273457
14,3,0.05,4,-0.49276060148762496,333.62795279788367,0.5021018513579171
15,3,0.05,5,-0.5841166009073011,327.8246444399967,0.4899173811201001
16,3,0.05,6,-0.46678299947866053,336.4050468528934,0.5084691161199133
17,3,0.05,7,-0.44719493811900674,340.04335429444944,0.5147396525518825
18,3,0.05,8,-0.4689491446233583,330.6807928338963,0.49678146722767974
19,3,0.05,9,-0.4809847318614766,337.10488412746787,0.5095436673145896
20,3,0.1,0,-0.19142460250659973,372.1897651303157,0.5623701190433477
21,3,0.1,1,-0.23449117227046856,368.55751094711974,0.5598071044628686
22,3,0.1,2,-0.19634650993905325,369.12781782579833,0.5573047775418472
23,3,0.1,3,-0.272610142359967,369.5910146002241,0.5557286767551003
24,3,0.1,4,-0.21809162392693274,371.4724031851092,0.5623116046338673
25,3,0.1,5,-0.1962937958005805,370.5103093554726,0.5611168355741213
26,3,0.1,6,-0.31051537577158184,366.4014155510349,0.5511694966390973
27,3,0.1,7,-0.26689398318759977,364.7725422271612,0.547212818762341
28,3,0.1,8,-0.2798902891100823,366.35631198839724,0.5510778418748064
29,3,0.1,9,-0.23689813638956814,372.15147519435254,0.5623352900156157
30,3,0.25,0,-0.041793202915540645,417.0898574993021,0.6208035340656629
31,3,0.25,1,-0.035344877288057,415.7495450392878,0.6182771915157398
32,3,0.25,2,-0.04592078150282475,416.2621892956501,0.6191597862171512
33,3,0.25,3,-0.04427327776570577,414.22263804468395,0.6150487532889869
34,3,0.25,4,-0.05376413944475092,415.01094691593926,0.6179304165297812
35,3,0.25,5,-0.03723151702582608,416.57030487852126,0.6196789255902821
36,3,0.25,6,-0.009973102193774905,417.2515922146152,0.621295827207136
37,3,0.25,7,-0.03849748658823512,416.6314830287204,0.6203165839922922
38,3,0.25,8,-0.03696962505564556,416.78146781766844,0.6211259547856139
39,3,0.25,9,-0.019200007290965156,416.1668401678592,0.6206788623754641
40,3,0.5,0,0.014443752931186627,450.1129489781881,0.6530525936110521
41,3,0.5,1,0.013963795187559679,450.74014991630037,0.6533566449763826
42,3,0.5,2,0.004173944299509365,450.92750783238745,0.6548450564243881
43,3,0.5,3,0.019933220627408283,449.52096085278293,0.6515683764330941
44,3,0.5,4,0.014506615367728272,450.70921261337236,0.6540756816945626
45,3,0.5,5,0.008420012606990587,450.970535123397,0.6544019280399738
46,3,0.5,6,-0.004636324875711101,449.3068496764276,0.650759038691162
47,3,0.5,7,0.011705156124357671,450.0284786278865,0.6532890971538194
48,3,0.5,8,0.006540619560854046,449.1135490271656,0.6515489988447722
49,3,0.5,9,0.0033565434096792016,450.6373131592204,0.6533149736002405
50,3,0.75,0,0.005847421810966901,481.40024019317667,0.7069114232914552
51,3,0.75,1,-0.0011715758684489042,481.0338269831732,0.7029822941590919
52,3,0.75,2,-0.011963383542952224,481.5944035054281,0.7057678445643017
53,3,0.75,3,-0.004406346175810806,481.2597412088408,0.7041674025227475
54,3,0.75,4,-0.005277372345417104,481.1742072057619,0.7046653050305277
55,3,0.75,5,0.010054191422479606,481.25931282425336,0.7066371323823025
56,3,0.75,6,-0.001621223990392574,481.1355835895277,0.7033946597972257
57,3,0.75,7,0.0017865377699427577,481.16345301898923,0.70503613929089
58,3,0.75,8,0.0046746723821083315,480.789707322587,0.7040752199277422
59,3,0.75,9,-0.0074568215655572605,480.7957995702539,0.7041822972469838
60,5,0.01,0,-0.8603963944637205,238.4394718717618,0.3568382423113671
61,5,0.01,1,-0.835030225265187,239.5149034116423,0.3550474221021919
62,5,0.01,2,-0.7937371379323338,250.35945203390236,0.3807806673093188
63,5,0.01,3,-0.7418178677708364,258.7012797306024,0.38912263070488856
64,5,0.01,4,-0.8530548142286293,243.30891561886241,0.36108952572575076
65,5,0.01,5,-0.6947312121632536,243.34141128948136,0.36576722197575906
66,5,0.01,6,-0.7883735459022566,243.22805082399915,0.3629344903411895
67,5,0.01,7,-0.6986338964526579,268.3046645610966,0.4069830349235389
68,5,0.01,8,-0.7415520570129862,257.56958407687557,0.39086909346181514
69,5,0.01,9,-0.6975466535045246,242.8985161895936,0.3660389628638356
70,5,0.05,0,-0.4013855336697338,345.90064128259314,0.5286486097103068
71,5,0.05,1,-0.5373946934813323,336.91598950648137,0.5054775313262431
72,5,0.05,2,-0.426340209529545,341.80127188942157,0.5180828447867466
73,5,0.05,3,-0.5027384087234938,338.9400939355233,0.5104938011356366
74,5,0.05,4,-0.5471524701615508,333.5978869113472,0.49971647763292987
75,5,0.05,5,-0.4885072200621699,339.90417714780943,0.513854532743407
76,5,0.05,6,-0.49643427770508214,332.99593687117004,0.5019517629715701
77,5,0.05,7,-0.4960699476958556,342.24750977885964,0.5180913927154713
78,5,0.05,8,-0.5174824564807317,341.716310919969,0.5137274672835817
79,5,0.05,9,-0.5501368115857374,334.9322056255398,0.5036681184219193
80,5,0.1,0,-0.14528578462922634,375.3304381027686,0.5713373957952473
81,5,0.1,1,-0.23202236395338857,376.33333464783044,0.5716970177456017
82,5,0.1,2,-0.23113319998513396,367.65301646937974,0.553717768551966
83,5,0.1,3,-0.2048026902338785,371.33250684037944,0.561431646867676
84,5,0.1,4,-0.23658286528492845,370.3756428441073,0.5601026769382446
85,5,0.1,5,-0.2370830089419668,373.3662100320067,0.5643102310459213
86,5,0.1,6,-0.2402106579812173,373.1566884022766,0.5629479728109431
87,5,0.1,7,-0.24271541313437292,371.2307229511994,0.5607843341206687
88,5,0.1,8,-0.19657777095357498,370.1051013663652,0.5608506961780085
89,5,0.1,9,-0.24763334790506483,371.3366623281666,0.5605577583244503
90,5,0.25,0,-0.03267928578661817,418.59768950121196,0.6230649248091447
91,5,0.25,1,-0.025322512621834745,419.88155502945847,0.6249885167896081
92,5,0.25,2,-0.040486288884786524,420.8639076586737,0.6295135196314178
93,5,0.25,3,-0.023536911617668414,419.82403042226065,0.6250861645806041
94,5,0.25,4,-0.034778863725268755,419.3437920967652,0.6244366594087566
95,5,0.25,5,-0.00700027278082245,419.7941922729696,0.6261048033241909
96,5,0.25,6,-0.02461722414561837,418.3791762208745,0.6227740572734138
97,5,0.25,7,-0.03542403445077043,418.11872846866964,0.6235088744564896
98,5,0.25,8,-0.03553746707892932,419.5143537406805,0.6266024482021416
99,5,0.25,9,-0.04908196923152728,419.37143470792745,0.6260476136350865
100,5,0.5,0,0.008014946092178649,453.3934939359171,0.6606025451551993
101,5,0.5,1,0.004891765528800269,452.6864318688197,0.6586905589133373
102,5,0.5,2,0.005699622532067503,452.84787225586564,0.6585374545265751
103,5,0.5,3,0.005650347566316665,451.6968301560999,0.6569989855390069
104,5,0.5,4,0.017213249011333892,452.6339705217688,0.6602924150944652
105,5,0.5,5,-0.0024220693541068586,453.19064836239494,0.6585341856522668
106,5,0.5,6,0.019697306018580385,452.37019422841877,0.65987511880104
107,5,0.5,7,0.01537795439390996,452.9173921156073,0.6603735347992195
108,5,0.5,8,0.00837003195054768,451.87879593018505,0.6547871196135862
109,5,0.5,9,0.008790460309448675,452.3577393910734,0.6571828294786576
110,5,0.75,0,0.0007513162543265062,482.41694925925253,0.7075904781743546
111,5,0.75,1,-0.0064098833002413326,482.0441376905473,0.7054311046585573
112,5,0.75,2,0.007052808736940956,481.82018250698553,0.706087561158955
113,5,0.75,3,0.004958686902994877,482.2069107213799,0.7067252183688534
114,5,0.75,4,0.004322356204274703,482.2231907148908,0.7071269082205524
115,5,0.75,5,-0.007382876413983182,482.39688631910093,0.7077369914393542
116,5,0.75,6,0.0010877421619481427,482.00365931257664,0.7068415869078937
117,5,0.75,7,-0.00660541546235098,482.1079569547565,0.7070658814753078
118,5,0.75,8,-0.004902784972495439,482.163772851684,0.7061606098984586
119,5,0.75,9,-0.006675183573907196,481.8674983177591,0.705129267852444
120,10,0.01,0,-0.7307349615424975,256.88715265334844,0.38772596444230234
121,10,0.01,1,-0.8339228265709947,246.95451290221658,0.3740726147817523
122,10,0.01,2,-0.8651119694361835,230.4849437146805,0.339688413729706
123,10,0.01,3,-0.8416893576341927,242.05148993334737,0.3622338884222199
124,10,0.01,4,-0.8137271356750121,250.89609475776533,0.37669169564048977
125,10,0.01,5,-0.6961246104334071,247.213800553783,0.36983732111295087
126,10,0.01,6,-0.7031496542098127,239.73134642027193,0.3611436254356522
127,10,0.01,7,-0.7225189578764653,254.44578396713348,0.3869049923477985
128,10,0.01,8,-0.8492417059669458,264.09070490778896,0.400137245990914
129,10,0.01,9,-0.7744386790136538,244.41040959028211,0.3669537996619461
130,10,0.05,0,-0.5403817299393291,339.1882608035009,0.5122613644014543
131,10,0.05,1,-0.43984366516247464,340.71767838573305,0.517534167996853
132,10,0.05,2,-0.5969602580189937,336.5478871622176,0.5036268332830302
133,10,0.05,3,-0.44353377792203724,336.541377580326,0.5101911083217144
134,10,0.05,4,-0.5097915354508046,334.6175212107935,0.5052170010540836
135,10,0.05,5,-0.43897354483663475,340.4397690369156,0.5182450925909688
136,10,0.05,6,-0.4491158708874183,341.6902895224918,0.5180003898169626
137,10,0.05,7,-0.4521901294900605,346.12540741687985,0.526766754119783
138,10,0.05,8,-0.504901115698628,337.96716228125507,0.5099704035377423
139,10,0.05,9,-0.4185264363363515,337.6608936608001,0.512497144519562
140,10,0.1,0,-0.2501337306851725,377.38518063152316,0.572030555541624
141,10,0.1,1,-0.19392155728609614,378.2386152698603,0.5727622733518548
142,10,0.1,2,-0.2125252907705122,377.32482431148475,0.5717385254719142
143,10,0.1,3,-0.18495629061100494,377.9119619176069,0.5754094065493732
144,10,0.1,4,-0.18567946287179116,382.242839239214,0.580474530016398
145,10,0.1,5,-0.18481642270248388,376.79955324891216,0.5729697186437508
146,10,0.1,6,-0.2894813467074446,374.1931076706367,0.5639706394114125
147,10,0.1,7,-0.20975017062802118,377.61632599018844,0.5738928097722872
148,10,0.1,8,-0.18378789326751324,376.96177371169887,0.5719113385565721
149,10,0.1,9,-0.18222972340677146,379.8018305145999,0.5764811295649349
150,10,0.25,0,-0.042356600065817575,424.3665628380407,0.636137403730675
151,10,0.25,1,-0.036200685716504026,424.5470053864936,0.6351021601552687
152,10,0.25,2,-0.007079882422961997,422.37752417485905,0.6300689624012473
153,10,0.25,3,-0.0237914865303931,424.3344557203677,0.6335125334382044
154,10,0.25,4,-0.02859009921958895,425.45600524426777,0.6354298897869146
155,10,0.25,5,-0.02216569494229156,425.4309760502392,0.6372331509356021
156,10,0.25,6,-0.0008036616210695171,424.485172640711,0.6363275112446664
157,10,0.25,7,0.003935128391936267,425.7734810184259,0.6401136924305048
158,10,0.25,8,-0.023090182780388463,424.7893120693081,0.635838061998552
159,10,0.25,9,-0.01645814473117669,423.9052370109873,0.6338701581392566
160,10,0.5,0,0.007796869713951315,454.8032098406563,0.6616191458807029
161,10,0.5,1,0.021232500841062898,455.8064967705771,0.6669284215014035
162,10,0.5,2,0.0031157885529328653,455.48703066636926,0.6653215164213754
163,10,0.5,3,0.007610675907657484,455.23541838296796,0.6637112335352714
164,10,0.5,4,-0.002318042495584427,454.96742399602493,0.6622969125685483
165,10,0.5,5,0.005157899325570124,454.6585591314192,0.6635007973053453
166,10,0.5,6,0.0032406128539043816,455.25114994389014,0.6648648972144199
167,10,0.5,7,-0.006190299492781062,454.7269182345288,0.6632648496799552
168,10,0.5,8,0.001605095209148986,454.5756596162592,0.6613662495565554
169,10,0.5,9,-0.005492379247091862,454.82788475560614,0.6617698575114808
170,10,0.75,0,-0.0034616295209966195,482.60028350542666,0.7065417382605576
171,10,0.75,1,-0.015637917994587382,483.0085538030751,0.7068647269440317
172,10,0.75,2,-0.006015679740854332,482.5410800339743,0.7079641858627096
173,10,0.75,3,-0.0028399594824904165,482.89794298299597,0.706806642694577
174,10,0.75,4,0.0011003662012485788,482.5763556897363,0.707288493932564
175,10,0.75,5,-0.00211526251093321,482.7231517884857,0.7071271699397931
176,10,0.75,6,-0.005293358521283274,482.94634292308615,0.7075972830689761
177,10,0.75,7,-0.004402416974468877,483.0394429277504,0.708158343000501
178,10,0.75,8,-0.015067336475344653,482.8814658630136,0.7077099808358592
179,10,0.75,9,-0.004636089048106963,483.15264933578374,0.7085992624173357
180,15,0.01,0,-0.6603126651257167,264.3838678399186,0.40535754152454845
181,15,0.01,1,-0.767806881798459,253.86609477434573,0.38021335531223555
182,15,0.01,2,-0.8203545848506809,255.74171083721012,0.383748124783055
183,15,0.01,3,-0.7955360802597161,248.03893540024333,0.3735748479963224
184,15,0.01,4,-0.6376639533407167,250.77295762436302,0.3791490265625077
185,15,0.01,5,-0.8256187751712346,255.572425262793,0.3890405932728878
186,15,0.01,6,-0.7993325329581132,264.5848623573667,0.40286538310677494
187,15,0.01,7,-0.6815376901545878,258.2490075781513,0.392424465397162
188,15,0.01,8,-0.7496466531858347,272.07738867202534,0.41375096490820984
189,15,0.01,9,-0.8368369568744081,234.63356540174993,0.34794356428930867
190,15,0.05,0,-0.4941137434099458,335.59841021608855,0.5073260647820768
191,15,0.05,1,-0.5354915729403549,340.7902630801971,0.5141763848218313
192,15,0.05,2,-0.28481300944366544,351.14207068806263,0.53774952652267
193,15,0.05,3,-0.3537644538284968,349.6362231598609,0.535569089998999
194,15,0.05,4,-0.5598128451808914,345.4367304584521,0.5195271947699501
195,15,0.05,5,-0.44139748888419145,341.84107237609146,0.5179623491813319
196,15,0.05,6,-0.47081878694156615,343.7190337652003,0.5210720150498873
197,15,0.05,7,-0.39889595307289455,343.41733033381325,0.5222614431127212
198,15,0.05,8,-0.5142874243353593,336.86100580199854,0.5060144125422692
199,15,0.05,9,-0.5328190961754949,337.73493760789734,0.5091555330206398
200,15,0.1,0,-0.1288403814627098,387.15180850527196,0.5928598415827723
201,15,0.1,1,-0.17423653831608713,381.6673929644,0.5776867978059602
202,15,0.1,2,-0.13907592840635993,385.58213991453107,0.5878468634860577
203,15,0.1,3,-0.18867401927118221,382.0698488853418,0.5795602823627769
204,15,0.1,4,-0.17435982963974375,385.010195377966,0.5845427512954192
205,15,0.1,5,-0.2251946340452516,385.1287074170812,0.5856640570686993
206,15,0.1,6,-0.18309924426635563,382.72664856689084,0.5805809095325355
207,15,0.1,7,-0.1835498916801308,385.2707556580055,0.5864080002891344
208,15,0.1,8,-0.20981816548160845,385.1913617716407,0.5873872851266225
209,15,0.1,9,-0.23686159747553082,380.3940953510125,0.5771264864200868
210,15,0.25,0,-0.018662824796274315,427.4609684726035,0.6409096543390539
211,15,0.25,1,-0.001544402048411938,426.4990075589911,0.6386075721273815
212,15,0.25,2,-0.011008675024470907,430.30895987137296,0.6429366698956384
213,15,0.25,3,-0.033381907052099626,425.9237558419289,0.638790385541586
214,15,0.25,4,0.00031168109958663626,427.0641991459313,0.6404459991601144
215,15,0.25,5,-0.03165550651222285,425.36836912900753,0.63770996912136
216,15,0.25,6,-0.032071582204806305,427.10313751097436,0.6413573268249037
217,15,0.25,7,-0.05783775177448941,428.2912734136351,0.6441588863400759
218,15,0.25,8,-0.006278131614789805,426.4320721597478,0.6388726474368327
219,15,0.25,9,-0.011756045370420104,426.9151768789928,0.6407191226791846
220,15,0.5,0,0.009287089264113443,455.1869006855334,0.6613796539916391
221,15,0.5,1,0.008835854805921334,455.09644494539015,0.6646601176325412
222,15,0.5,2,0.007705878931060099,455.2764212741769,0.6640377015484485
223,15,0.5,3,0.00666047660799982,455.3926511165842,0.664872990967293
224,15,0.5,4,0.011815482682178807,455.8595839767942,0.6671772184241743
225,15,0.5,5,0.010866169560169378,454.85989921266537,0.6654634174032651
226,15,0.5,6,0.004954441097987368,455.26515228858585,0.6639017316574122
227,15,0.5,7,0.007085088064302078,455.62111914901135,0.6638935246086327
228,15,0.5,8,0.006048978036208769,455.2094480490244,0.6645647845509962
229,15,0.5,9,0.01232461138472396,455.698131754886,0.6664514526778221
230,15,0.75,0,-0.005894744592772065,482.68213929109146,0.7076042761400428
231,15,0.75,1,-0.009062424603425268,482.64121358099516,0.7061086954502516
232,15,0.75,2,-0.008680491018030317,482.48211329582494,0.7062563838823429
233,15,0.75,3,-0.013458149229294761,482.3920537608164,0.7063054729588311
234,15,0.75,4,-0.0012389867830470414,482.9268327562443,0.7081263445086927
235,15,0.75,5,0.004102954334664159,482.6513305912902,0.7075416917702456
236,15,0.75,6,-0.012087395486787778,483.1261225468007,0.7073992722905363
237,15,0.75,7,0.00307791720435222,482.6121644100236,0.7075641682625302
238,15,0.75,8,-0.012372185204430272,482.7475702215345,0.7060292015716557
239,15,0.75,9,-0.005710379651547105,482.44501832361766,0.7071052117304896
